Campaign_ID,Channel,Spend,Impressions,Clicks,Leads,Customers,Revenue
C001,Search,12000,50000,2500,200,40,40000
C002,Social,8000,80000,1600,120,20,18000
C003,Email,2000,12000,1800,150,35,28000
C004,Search,15000,60000,3000,240,45,45000
C005,Social,10000,100000,2000,140,25,22000
C006,Email,2500,15000,2100,170,40,32000
C007,Display,6000,120000,600,30,5,4000
C008,Display,5000,100000,0,0,0,0
C009,Social,7000,70000,1400,100,15,12000
C010,Search,9000,40000,2000,160,30,30000
C011,Email,,10000,1500,110,25,20000
C012,Display,4000,80000,400,25,4,3200
